,Form.ID,Billing.Year,Num.Units,Address,Dwelling.Type,Condo.Complex.Name
546,3385,2011,1,6709 MAGNOLIA CT,Single Family,NA
547,8519,2011,1,104 PINELAND CIR,Single Family,NA
548,4848,2011,1,1117 HAZELNUT DR,Single Family,NA
549,7461,2011,1,739 ELLINGTON ST,Single Family,NA
550,3630,2011,1,915 EDISON RD,Single Family,NA
551,7521,2011,1,204 IDLEWILD AV,Single Family,NA
552,9088,2011,1,604 HAY LA,Single Family,NA
553,6847,2011,1,828 COTTON PL,Single Family,NA
554,5678,2011,1,2211 EVERETT AV,Single Family,NA
555,739,2011,1,421 WALTON ST,Single Family,NA
556,1568,2011,1,509 DACIAN RD,Single Family,NA
557,1384,2011,1,420 PEYTON ST,Single Family,NA
558,7741,2011,1,1503 E LANE ST,Single Family,NA
559,6785,2011,1,213 PARKLAND RD,Single Family,NA
560,933,2011,1,2817 FRINKS ST,Single Family,NA
561,5799,2011,1,1132 UPCHURCH ST,Single Family,NA
562,5799,2011,1,1103 UPCHURCH ST,Single Family,NA
563,3804,2011,1,3049 SLIPPERY ELM DR,Single Family,NA
564,9178,2011,1,206 LINCOLN CT,Single Family,NA
565,7700,2011,1,1120 HIGHTOWER ST,Single Family,NA
566,8975,2011,1,627 CHURCH ST,Single Family,NA
567,8871,2011,1,8 MAYWOOD AV,Single Family,NA
568,8865,2011,1,3505 GLENRAVEN DR,Single Family,NA
569,7700,2011,1,107 BART ST,Single Family,NA
570,7347,2011,1,5300 WESTERN BLVD,Single Family,NA
571,8428,2011,1,705 METHOD RD,Single Family,NA
572,5750,2011,1,106 LORD ANSON DR,Single Family,NA
573,9363,2011,1,4424 WINDSTORM WY,Single Family,NA
574,7790,2011,1,1417 E JONES ST,Single Family,NA
575,7647,2011,1,1308 PENDER ST,Single Family,NA
576,4507,2011,1,520 S SAUNDERS ST,Single Family,NA
577,7869,2011,2,904 COLEMAN ST,Single Family,NA
578,8871,2011,1,1408 CURFMAN ST,Single Family,NA
579,8675,2011,1,111 PLAINVIEW AV,Single Family,NA
580,3673,2011,1,510 WORTH ST,Single Family,NA
581,8486,2011,1,917 GREENWICH ST,Single Family,NA
582,7591,2011,1,636 COLEMAN ST,Single Family,NA
583,8813,2011,1,403 BART ST,Single Family,NA
584,191,2011,1,117 CAMDEN ST,Single Family,NA
585,4780,2011,1,4245 BEACON CREST WY,Single Family,NA
586,3625,2011,1,114 ST AUGUSTINE AV,Single Family,NA
587,8592,2011,1,502 FRANK ST,Single Family,NA
588,7777,2011,1,3820 KELFORD ST,Single Family,NA
589,7472,2011,1,1505 JOE LOUIS AV,Single Family,NA
590,3973,2011,1,616 SARVER CT,Single Family,NA
591,8871,2011,1,546-    GRANITE ST,Single Family,NA
592,9842,2011,1,579 ROSE LA,Single Family,NA
593,3785,2011,1,720 BELMONT DR,Single Family,NA
594,6404,2011,1,7721 FIESTA WY,Single Family,NA
595,5240,2011,1,714 VAN BUREN RD,Single Family,NA
596,3693,2011,1,1117 HIGHTOWER ST,Single Family,NA
597,9093,2011,1,7901 NUGGET LA,Single Family,NA
598,6880,2011,1,208 RALEIGH BLVD,Single Family,NA
599,7461,2011,1,601 PARNELL DR,Single Family,NA
600,8774,2011,1,900 NEW BERN AV,Single Family,NA
601,9429,2011,1,312 CHAMBERLAIN ST,Single Family,NA
602,1631,2011,1,317 SUMMIT AV,Single Family,NA
603,1750,2011,1,1312 ARMSTRONG CIR,Single Family,NA
604,10022,2011,1,908 CHATHAM LA,Single Family,NA
605,4437,2011,1,1623 MONTROSE ST,Single Family,NA
606,6273,2011,1,1311 S PERSON ST,Single Family,NA
607,2396,2011,1,117 BERTIE DR,Single Family,NA
608,578,2011,1,1204 BOYER ST,Single Family,NA
609,6662,2011,1,216 SAWMILL RD,Single Family,NA
610,4652,2011,1,453 ROSE LA,Single Family,NA
611,8064,2011,1,3005 N NEW HOPE RD,Single Family,NA
612,899,2011,1,2210 VAN DYKE AV,Single Family,NA
613,4780,2011,1,4208 BEACON CREST WY,Single Family,NA
614,8769,2011,1,211 S TARBORO ST,Single Family,NA
615,8290,2011,1,508 SUNNYBROOK RD,Single Family,NA
616,8990,2011,1,2413 BOOTHBAY CT,Single Family,NA
617,4366,2011,1,7012 RAY RD,Single Family,NA
618,9136,2011,1,807 HADLEY RD,Single Family,NA
619,7735,2011,1,615 QUARRY ST,Single Family,NA
620,7700,2011,1,105 BART ST,Single Family,NA
621,8676,2011,1,208 IDLEWILD AV,Single Family,NA
622,2970,2011,1,1240 DALADAMS ST,Single Family,NA
623,2319,2011,1,206 GILBERT AV,Single Family,NA
624,7478,2011,1,1717 DALLAS ST,Single Family,NA
625,578,2011,1,1109 HOLMES ST,Single Family,NA
626,9962,2011,1,712 TYLER RD,Single Family,NA
627,6202,2011,1,315 HOKE ST,Single Family,NA
628,1747,2011,1,440 DICKENS DR,Single Family,NA
629,8901,2011,1,1225 GREEN ST,Single Family,NA
630,4168,2011,1,5912 WINTERGREEN DR,Single Family,NA
631,3519,2011,2,305 KENNEDY ST,Single Family,NA
632,10715,2011,1,20 HILL ST,Single Family,NA
633,7743,2011,1,2213 POOLE RD,Single Family,NA
634,6417,2011,1,426 LAMONT ST,Single Family,NA
635,8293,2011,1,1418 RIDGE RD,Single Family,NA
636,5367,2011,1,587 E CABARRUS ST,Single Family,NA
637,9310,2011,1,522 W LENOIR ST,Single Family,NA
638,4072,2011,1,116 COLLETON RD,Single Family,NA
639,8293,2011,1,1416 RIDGE RD,Single Family,NA
640,10605,2011,1,201 BLEDSOE AV,Single Family,NA
641,390,2011,1,108 BLANCHARD ST,Single Family,NA
642,8723,2011,1,1109 S BLOODWORTH ST,Single Family,NA
643,7852,2011,1,2920 OKELLY ST,Single Family,NA
644,3630,2011,1,6005 WOODSTOCK DR,Single Family,NA
645,8557,2011,1,423 HAYWOOD ST,Single Family,NA
646,4281,2011,1,1410 COURTLAND DR,Single Family,NA
647,2218,2011,1,135 MAYWOOD AV,Single Family,NA
648,6852,2011,1,1507 E JONES ST,Single Family,NA
649,9943,2011,1,513 S BLOODWORTH ST,Single Family,NA
650,7408,2011,1,722 S STATE ST,Single Family,NA
651,3826,2011,1,2904 LITTLE JOHN RD,Single Family,NA
652,499,2011,1,609 SAWMILL RD,Single Family,NA
653,8317,2011,1,2328 STEVENS RD,Single Family,NA
654,8549,2011,1,5325 FAIRMEAD CIR,Single Family,NA
655,8889,2011,1,324 SUMMIT AV,Single Family,NA
656,1798,2011,1,1509 PRISMA CT,Single Family,NA
657,6440,2011,1,512 SUNNYBROOK RD,Single Family,NA
658,3830,2011,1,2212 MARINER CIR,Single Family,NA
659,1403,2011,2,1518 FAYETTEVILLE ST,Single Family,NA
660,1263,2011,1,2138 MILBURNIE RD,Single Family,NA
661,2319,2011,1,528 CAROLINA PINES AV,Single Family,NA
662,2457,2011,1,1350 CROSS LINK RD,Single Family,NA
663,2934,2011,1,7605 COPPER MINE LA,Single Family,NA
664,3584,2011,1,2731 BIG OAK ST,Single Family,NA
665,8865,2011,1,4036 CONVERSE DR,Single Family,NA
666,10661,2011,1,516 S SWAIN ST,Single Family,NA
667,3625,2011,1,520 ALSTON ST,Single Family,NA
668,2344,2011,1,2307 SHANNON ST,Single Family,NA
669,8813,2011,1,405 BART ST,Single Family,NA
670,7461,2011,1,217 S TARBORO ST,Single Family,NA
671,1740,2011,2,2611 CLARK AV,Single Family,NA
672,7381,2011,1,7400 OLD HUNDRED RD,Single Family,NA
673,7000,2011,1,128 LINCOLN CT,Single Family,NA
674,6924,2011,1,609 MONROE DR,Single Family,NA
675,2190,2011,1,2801 WYNCOTE DR,Single Family,NA
676,3041,2011,1,1229 BEVERLY DR,Single Family,NA
677,4551,2011,1,3303 ASHBY PL,Single Family,NA
678,7275,2011,1,120 PLAINVIEW AV,Single Family,NA
679,7671,2011,1,1300 BOYER ST,Single Family,NA
680,7866,2011,1,301 N KING CHARLES RD,Single Family,NA
681,8317,2011,1,602-    STACY ST,Single Family,NA
682,6689,2011,1,1708 TILBROOK CT,Single Family,NA
683,8813,2011,1,5 PANTOPS ST,Single Family,NA
684,3241,2011,1,513 S SWAIN ST,Single Family,NA
685,7457,2011,1,2209 MILBURNIE RD,Single Family,NA
686,8330,2011,1,2719 N MAYVIEW AV,Single Family,NA
687,7173,2011,1,425 COLLETON RD,Single Family,NA
688,8678,2011,1,2700 WYNCOTE DR,Single Family,NA
689,2688,2011,1,713 GLASCOCK ST,Single Family,NA
690,7743,2011,1,2607-    NEWBOLD ST,Single Family,NA
691,7154,2011,1,2412 TRUSTY TRL,Single Family,NA
692,10884,2011,1,111 SEAWELL AV,Single Family,NA
693,5300,2011,1,318 N FISHER ST,Single Family,NA
694,8774,2011,1,2210 MILLBANK ST,Single Family,NA
695,7553,2011,1,708 GROVE AV,Single Family,NA
696,5269,2011,1,516 STEEL ST,Single Family,NA
697,9058,2011,1,206 POPLAR ST,Single Family,NA
698,8769,2011,1,2301 POOLE RD,Single Family,NA
699,10567,2011,1,311 COLLETON RD,Single Family,NA
700,8871,2011,1,806 COTTON PL,Single Family,NA
701,7067,2011,1,7920 BRANDYAPPLE DR,Single Family,NA
702,10569,2011,1,705 FRIAR TUCK RD,Single Family,NA
703,7408,2011,1,828 S STATE ST,Single Family,NA
704,2319,2011,1,569 GRANITE ST,Single Family,NA
705,7913,2011,1,2721 PLAINSFIELD CIR,Single Family,NA
706,9660,2011,1,5505 OCRACOKE CT,Single Family,NA
707,7169,2011,1,111 HAYWOOD ST,Single Family,NA
708,6566,2011,1,8 S EAST ST,Single Family,NA
709,8486,2011,1,2600 LITTLE JOHN RD,Single Family,NA
710,6552,2011,1,2713 DAYTONA DR,Single Family,NA
711,1060,2011,1,408 COLUMBIA DR,Single Family,NA
712,7520,2011,1,7916 BRANDYAPPLE DR,Single Family,NA
713,8331,2011,1,520 DACIAN RD,Single Family,NA
714,1060,2011,1,3915 JACKSON ST,Single Family,NA
715,6996,2011,1,5317 GROVEWOOD PL,Single Family,NA
716,5942,2011,1,3829 MARCOM ST,Single Family,NA
717,7588,2011,1,2309 ELLERBE LA,Single Family,NA
718,8967,2011,1,1015 E DAVIE ST,Single Family,NA
719,8745,2011,1,425 HAYWOOD ST,Single Family,NA
720,4437,2011,1,1631 MONTROSE ST,Single Family,NA
721,7399,2011,1,217 BART ST,Single Family,NA
722,1151,2011,1,2727 BIG OAK ST,Single Family,NA
723,10569,2011,1,717 GLENBROOK DR,Single Family,NA
724,8386,2011,1,1821 GLENWOOD AV,Single Family,NA
725,7959,2011,1,936 FRIAR TUCK DR,Single Family,NA
726,10542,2011,1,2503 RENFROW RD,Single Family,NA
727,7456,2011,1,8012 MCGUIRE DR,Single Family,NA
728,435,2011,1,721 CARLISLE ST,Single Family,NA
729,9254,2011,1,705 BRENT RD,Single Family,NA
730,10569,2011,1,713 GLENBROOK DR,Single Family,NA
731,7051,2011,1,420 WATSON ST,Single Family,NA
732,2831,2011,1,1628   MONTROSE ST,Single Family,NA
733,8901,2011,1,574 GRANITE ST,Single Family,NA
734,8871,2011,1,541 GRANITE ST,Single Family,NA
735,7464,2011,1,211 S PETTIGREW ST,Single Family,NA
736,10666,2011,1,406 ALSTON ST,Single Family,NA
737,2292,2011,1,800 BRENT RD,Single Family,NA
738,7424,2011,1,5401 SUNNINGDALE PL,Single Family,NA
739,7739,2011,1,2905 BATH CIR,Single Family,NA
740,3779,2011,1,550 E JONES ST,Single Family,NA
741,8961,2011,1,1111 PETTIS PL,Single Family,NA
742,4312,2011,1,2731 ANDERSON DR,Single Family,NA
743,4780,2011,1,5108 DUCKWORTH CT,Single Family,NA
744,9548,2011,1,7000 MINE CREEK LA,Single Family,NA
745,591,2011,1,617 SAWMILL RD,Single Family,NA
746,3519,2011,1,319 IDLEWILD AV,Single Family,NA
747,4143,2011,1,2715 GORDON ST,Single Family,NA
748,2319,2011,1,150 MAYWOOD AV,Single Family,NA
749,1631,2011,1,2529 NEWBOLD ST,Single Family,NA
750,3697,2011,1,1116 HIGHTOWER ST,Single Family,NA
751,8101,2011,1,809 COLEMAN ST,Single Family,NA
752,4057,2011,1,5012 WICKHAM RD,Single Family,NA
753,4233,2011,1,3824 KELFORD ST,Single Family,NA
754,7446,2011,1,704 FLORENCE ST,Single Family,NA
755,8889,2011,1,1229 GREEN ST,Single Family,NA
756,1497,2011,1,219 S TARBORO ST,Single Family,NA
757,594,2011,1,7033 MINE CREEK LA,Single Family,NA
758,8769,2011,1,213 S TARBORO ST,Single Family,NA
759,2547,2011,1,337 MAYWOOD AV,Single Family,NA
760,10403,2011,1,4232 WOODLAWN DR,Single Family,NA
761,8686,2011,1,1901 FULTON CT,Single Family,NA
762,10023,2011,1,904 CHATHAM LA,Single Family,NA
763,1152,2011,1,436 GRISSOM ST,Single Family,NA
764,8517,2011,1,125 PINELAND CIR,Single Family,NA
765,8345,2011,1,920 MILLS ST,Single Family,NA
766,8620,2011,1,1114 KENT RD,Single Family,NA
767,6484,2011,1,409 COLLETON RD,Single Family,NA
768,10032,2011,1,1003 MARILYN DR,Single Family,NA
769,751,2011,1,600 N KING CHARLES RD,Single Family,NA
770,7735,2011,1,1207 BOYER ST,Single Family,NA
771,2218,2011,1,1508 GREEN ST,Single Family,NA
772,7824,2011,1,5009 WHISPER CT,Single Family,NA
773,9715,2011,1,1117 S EAST ST,Single Family,NA
774,7408,2011,1,417 WATSON ST,Single Family,NA
775,6495,2011,1,500 MARBLE ST,Single Family,NA
776,675,2011,1,524 SOLAR DR,Single Family,NA
777,5367,2011,1,725 CHURCH ST,Single Family,NA
778,2319,2011,1,508 MARBLE ST,Single Family,NA
779,4428,2011,1,102 MAPLE ST,Single Family,NA
780,7594,2011,1,3432 CHEYENNE RD,Single Family,NA
781,2157,2011,1,816 VARDAMAN ST,Single Family,NA
782,397,2011,1,1625 THOMPSON ST,Single Family,NA
783,8478,2011,2,805 E LENOIR ST,Single Family,NA
784,4792,2011,1,909 N STATE ST,Single Family,NA
785,7605,2011,1,617 E CABARRUS ST,Single Family,NA
786,7790,2011,1,1308 S EAST ST,Single Family,NA
787,5130,2011,1,421 LANSING ST,Single Family,NA
788,8851,2011,1,316 GRISSOM ST,Single Family,NA
789,1401,2011,1,553 GRANITE ST,Single Family,NA
790,325,2011,1,2336 MILBURNIE RD,Single Family,NA
791,9074,2011,1,1182 WIMBLETON DR,Single Family,NA
792,2355,2011,1,2356 STEVENS RD,Single Family,NA
793,8676,2011,1,1117 HOLMES ST,Single Family,NA
794,9957,2011,1,1307 E LANE ST,Single Family,NA
795,3625,2011,1,591 E CABARRUS ST,Single Family,NA
796,4651,2011,1,309 MERWIN RD,Single Family,NA
797,814,2011,1,1951 BERNARD ST,Single Family,NA
798,4425,2011,1,1411 E LANE ST,Single Family,NA
799,1974,2011,1,2400 STEVENS RD,Single Family,NA
800,4233,2011,1,3825 MARCOM ST,Single Family,NA
801,2762,2011,1,2219 GLASCOCK ST,Single Family,NA
802,8346,2011,1,1028 DOROTHEA DR,Single Family,NA
803,8192,2011,1,741 LUNAR DR,Single Family,NA
804,8896,2011,1,549 GRANITE ST,Single Family,NA
805,2190,2011,1,3109 SWEETGUM CIR,Single Family,NA
806,5092,2011,1,1510 GORMAN ST,Single Family,NA
807,2970,2011,1,1236 DALADAMS ST,Single Family,NA
808,7877,2011,1,1511 E LANE ST,Single Family,NA
809,5973,2011,1,1309 HAZELNUT DR,Single Family,NA
810,8505,2011,1,2116 MILLBANK ST,Single Family,NA
811,2620,2011,1,1004 CULPEPPER LA,Single Family,NA
812,8433,2011,1,636 CUMBERLAND ST,Single Family,NA
813,8284,2011,1,3337 FRIAR TUCK RD,Single Family,NA
814,4519,2011,1,3804 KELFORD ST,Single Family,NA
815,4040,2011,1,815 COLEMAN ST,Single Family,NA
816,8803,2011,1,311 GEORGETOWN RD,Single Family,NA
817,1296,2011,1,1008 E JONES ST,Single Family,NA
818,4040,2011,1,615 NEW BERN AV,Single Family,NA
819,4428,2011,1,1406 BOYER ST,Single Family,NA
820,9833,2011,1,3712 BRENTWOOD RD,Single Family,NA
821,2457,2011,1,1338 CROSS LINK RD,Single Family,NA
822,2521,2011,1,1345 WRENTREE CIR,Single Family,NA
823,2997,2011,1,4520 KAPLAN DR,Single Family,NA
824,3802,2011,1,24 DAISY ST,Single Family,NA
825,1533,2011,1,1101 GREGG ST,Single Family,NA
826,9058,2011,1,204 POPLAR ST,Single Family,NA
827,10569,2011,1,323 DACIAN RD,Single Family,NA
828,3334,2011,1,514 MARTIN LUTHER KING JR BLVD,Single Family,NA
829,5119,2011,1,2230 MILBURNIE RD,Single Family,NA
830,5060,2011,1,8208 WYNEWOOD CT,Single Family,NA
831,2762,2011,1,27 DIXIE TRL,Single Family,NA
832,9310,2011,1,524 W LENOIR ST,Single Family,NA
833,2233,2011,1,237 PECAN RD,Single Family,NA
834,2319,2011,1,103 SUMMIT AV,Single Family,NA
835,1205,2011,1,46 SUMMIT AV,Single Family,NA
836,8073,2011,1,918 S BLOODWORTH ST,Single Family,NA
837,3065,2011,1,808 HAVENWOOD CT,Single Family,NA
838,3519,2011,1,426 ALSTON ST,Single Family,NA
839,4424,2011,1,318 BRANCH ST,Single Family,NA
840,7457,2011,1,712 HARTFORD RD,Single Family,NA
841,7700,2011,1,705 MERRYWOOD DR,Single Family,NA
842,7511,2011,1,523 MARBLE ST,Single Family,NA
843,4437,2011,1,1627 MONTROSE ST,Single Family,NA
844,397,2011,1,1628 THOMPSON ST,Single Family,NA
845,7983,2011,1,1517 E JONES ST,Single Family,NA
846,8889,2011,1,578 GRANITE ST,Single Family,NA
847,7231,2011,1,705 BRAGG ST,Single Family,NA
848,3771,2011,1,609 CHAMBERLAIN ST,Single Family,NA
849,3779,2011,1,421 COLLETON RD,Single Family,NA
850,7790,2011,1,1312 S. EAST ST,Single Family,NA
851,7790,2011,1,326 BRAGG ST,Single Family,NA
852,8871,2011,1,1404 CURFMAN ST,Single Family,NA
853,8774,2011,1,2308 EUSTON ST,Single Family,NA
854,814,2011,1,520 MILLS ST,Single Family,NA
855,814,2011,1,1947 BERNARD ST,Single Family,NA
856,8686,2011,1,237 WALDROP ST,Single Family,NA
857,4504,2011,1,4237 BEACON CREST WY,Single Family,NA
858,4877,2011,1,1214 MARSHALL ST,Single Family,NA
859,6789,2011,1,1500 JOE LOUIS AV,Single Family,NA
860,1160,2011,1,6508 DRESDEN LA,Single Family,NA
861,8388,2011,1,3721 DUSTY LA,Single Family,NA
862,3914,2011,1,704 CHATHAM LA,Single Family,NA
863,7649,2011,1,834 ATHENS DR,Single Family,NA
864,7948,2011,1,6513 KEYSTONE DR,Single Family,NA
865,10658,2011,1,35 XEBEC WY,Single Family,NA
866,6532,2011,1,812 HARTFORD RD,Single Family,NA
867,10661,2011,1,520 S SWAIN ST,Single Family,NA
868,10569,2011,1,2321 POOLE RD,Single Family,NA
869,7595,2011,1,1516 BEAUTY AV,Single Family,NA
870,7449,2011,1,2351-    MILBURNIE RD,Single Family,NA
871,4501,2011,1,1329 WRENTREE CIR,Single Family,NA
872,4424,2011,1,1110 MARK ST,Single Family,NA
873,6992,2011,1,404 LANSING ST,Single Family,NA
874,8508,2011,1,2200 SHEFFIELD RD,Single Family,NA
875,4504,2011,1,4217 BEACON CREST WY,Single Family,NA
876,9070,2011,1,105 STAR ST,Single Family,NA
877,6101,2011,1,2209 HENSLOWE DR,Single Family,NA
878,397,2011,1,1632 THOMPSON ST,Single Family,NA
879,6496,2011,1,214 HECK ST,Single Family,NA
880,10569,2011,1,1437 CURFMAN ST,Single Family,NA
881,7295,2011,1,115 S PETTIGREW ST,Single Family,NA
882,2688,2011,1,615 WATAUGA ST,Single Family,NA
883,7893,2011,1,804 BEVERLY DR,Single Family,NA
884,7447,2011,1,201 PECAN RD,Single Family,NA
885,2447,2011,1,1109 OAKSIDE CT,Single Family,NA
886,7408,2011,1,565 GRANITE ST,Single Family,NA
887,3693,2011,1,1113 HIGHTOWER ST,Single Family,NA
888,7641,2011,1,1310 PENDER ST,Single Family,NA
889,9190,2011,1,2816 FRINKS ST,Single Family,NA
890,6576,2011,1,1824 POOLE RD,Single Family,NA
891,3821,2011,1,119 PARK AV,Single Family,NA
892,9088,2011,1,2326 GLASCOCK ST,Single Family,NA
893,5664,2011,1,924 FRIAR TUCK RD,Single Family,NA
894,8686,2011,1,1828 POOLE RD,Single Family,NA
895,8373,2011,1,814 HARTFORD RD,Single Family,NA
896,7695,2011,1,1309 E JONES ST,Single Family,NA
897,2319,2011,1,1513 GREEN ST,Single Family,NA
898,1599,2011,1,7616 LONGSTREET DR,Single Family,NA
899,4744,2011,1,704 VAN BUREN RD,Single Family,NA
900,8244,2011,1,921 BEVERLY DR,Single Family,NA
901,8127,2011,1,1048 SUFFOLK BLVD,Single Family,NA
902,1985,2011,1,2705 GLASCOCK ST,Single Family,NA
903,2620,2011,1,805 CULPEPPER LA,Single Family,NA
904,10886,2011,1,709 FRIAR TUCK RD,Single Family,NA
905,2224,2011,1,1601 GORMAN ST,Single Family,NA
906,7417,2011,1,309 MARSH AV,Single Family,NA
907,7909,2011,1,828 MERRIE RD,Single Family,NA
908,7481,2011,1,316 S SWAIN ST,Single Family,NA
909,5367,2011,1,313 CAMDEN ST,Single Family,NA
910,8826,2011,1,1416 FAYETTEVILLE ST,Single Family,NA
911,9674,2011,1,1419 GARNER RD,Single Family,NA
912,7408,2011,1,1416 SAWYER RD,Single Family,NA
913,8975,2011,1,2728 RENFROW RD,Single Family,NA
914,5222,2011,1,1013 S PERSON ST,Single Family,NA
915,423,2011,1,1015 S PERSON ST,Single Family,NA
916,4530,2011,1,1211 FAYETTEVILLE ST,Single Family,NA
917,2982,2011,1,1210 KENT RD,Single Family,NA
918,2566,2011,1,808 POSTELL ST,Single Family,NA
919,1028,2011,1,912 OAKWOOD AV,Single Family,NA
920,1729,2011,1,220 IDLEWILD AV,Single Family,NA
921,7437,2011,1,508 SHELDEN DR,Single Family,NA
922,5413,2011,1,426 HAYWOOD ST,Single Family,NA
923,10103,2011,1,1128 SAVANNAH DR,Single Family,NA
924,9230,2011,1,4408 WINDSOCK LA,Single Family,NA
925,4087,2011,1,3012 IDLEWOOD VILLAGE DR,Single Family,NA
926,9088,2011,1,400 LAMONT ST,Single Family,NA
927,3712,2011,1,2123 MILBURNIE RD,Single Family,NA
928,8769,2011,1,107 N CARVER ST,Single Family,NA
929,7181,2011,1,409 WALTON ST,Single Family,NA
930,10557,2011,1,2717 PLAINSFIELD CIR,Single Family,NA
931,3519,2011,1,616 WYNNE ST,Single Family,NA
932,9793,2011,1,7517 STUART DR,Single Family,NA
933,2024,2011,1,1512 E LANE ST,Single Family,NA
934,3693,2011,1,202 LINCOLN CT,Single Family,NA
935,750,2011,1,1208 BOYER ST,Single Family,NA
936,2214,2011,1,707 CUMBERLAND ST,Single Family,NA
937,5240,2011,1,116 ASHE AV,Single Family,NA
938,2544,2011,1,615 GLASCOCK ST,Single Family,NA
939,2374,2011,1,2226 GLASCOCK ST,Single Family,NA
940,1631,2011,1,233 PECAN RD,Single Family,NA
941,3824,2011,1,2408 KILGORE AV,Single Family,NA
942,1631,2011,1,226 PECAN RD,Single Family,NA
943,4729,2011,1,106 MAPLE ST,Single Family,NA
944,3779,2011,1,1110 E LANE ST,Single Family,NA
945,6878,2011,1,410 LAMONT ST,Single Family,NA
946,2190,2011,1,303 N KING CHARLES RD,Single Family,NA
947,7838,2011,1,705 FLORENCE ST,Single Family,NA
948,1497,2011,1,411 HAYWOOD ST,Single Family,NA
949,8901,2011,1,557 GRANITE ST,Single Family,NA
950,4817,2011,1,219 GRAND AV,Single Family,NA
951,2431,2011,1,1509 CHEROKEE DR,Single Family,NA
952,2457,2011,1,904 S BLOUNT ST,Single Family,NA
953,7640,2011,1,511 S. BLOODWORTH ST,Single Family,NA
954,7302,2011,1,2725 RENFROW RD,Single Family,NA
955,7973,2011,1,316 HAYWOOD ST,Single Family,NA
956,6751,2011,1,542 WIMBLETON DR,Single Family,NA
957,8565,2011,1,215 GRAND AV,Single Family,NA
958,1309,2011,1,913 S STATE ST,Single Family,NA
959,4424,2011,1,1132 S BLOUNT ST,Single Family,NA
960,4507,2011,1,626 DOROTHEA DR,Single Family,NA
961,9939,2011,1,412 S BLOODWORTH ST,Single Family,NA
962,10014,2011,1,1305 HENDREN CIR,Single Family,NA
963,8456,2011,1,1433 CURFMAN ST,Single Family,NA
964,2457,2011,1,1342 CROSS LINK RD,Single Family,NA
965,7300,2011,1,427 LAMONT ST,Single Family,NA
966,2218,2011,1,166 GILBERT AV,Single Family,NA
967,810,2011,1,1841 MARTIN LUTHER KING JR BLVD,Single Family,NA
968,3535,2011,1,1813 RIVERKNOLL DR,Single Family,NA
969,1060,2011,1,3908 LEXINGTON DR,Single Family,NA
970,7005,2011,1,916 NORTHCLIFT DR,Single Family,NA
971,10148,2011,1,2465 DERBY DR,Single Family,NA
972,9261,2011,1,1027 GARDNER ST,Single Family,NA
973,4424,2011,1,600 BRAGG ST,Single Family,NA
974,2853,2011,1,3612 BUFFALOE RD,Single Family,NA
975,7015,2011,1,608 CALLOWAY DR,Single Family,NA
976,8638,2011,1,409 LAMONT ST,Single Family,NA
977,3625,2011,1,512 WORTH ST,Single Family,NA
978,8142,2011,1,412 CHAMBERLAIN ST,Single Family,NA
979,8784,2011,1,566 ROSE LA,Single Family,NA
980,7520,2011,1,7305 MINE SHAFT RD,Single Family,NA
981,2319,2011,1,612 CAROLINA PINES AV,Single Family,NA
982,2457,2011,1,1615 POOLE RD,Single Family,NA
983,5042,2011,1,2400 SPRINGHILL AV,Single Family,NA
984,7981,2011,1,220 HILL ST,Single Family,NA
985,410,2011,1,5704 TULLY CT,Single Family,NA
986,3375,2011,1,2405 KILGORE AV,Single Family,NA
987,8769,2011,1,3921 LEXINGTON DR,Single Family,NA
988,1411,2011,1,1107 KENT RD,Single Family,NA
989,5001,2011,1,1014 GORMAN ST,Single Family,NA
990,8871,2011,1,3108 WILDER ST,Single Family,NA
991,615,2011,1,615 S BOYLAN AV,Single Family,NA
992,860,2011,1,2301 KEITH DR,Single Family,NA
993,930,2011,1,701 HAMILTON RD,Single Family,NA
994,5881,2011,1,2205 NELSON ST,Single Family,NA
995,5444,2011,1,5905 DAMON CT,Single Family,NA
996,5921,2011,1,2813 VAN DYKE AV,Single Family,NA
997,10640,2011,1,1006 CARLTON AV,Single Family,NA
998,10755,2011,1,1006 E JONES ST,Single Family,NA
999,8784,2011,1,514 FREEMAN ST,Single Family,NA
1000,3693,2011,1,528 PARNELL DR,Single Family,NA
1001,10666,2011,1,1120 GARNER RD,Single Family,NA
1002,2453,2011,1,7421 SPYGLASS WY,Single Family,NA
1003,7743,2011,1,304 FREEMAN ST,Single Family,NA
1004,7156,2011,1,200 LINCOLN CT,Single Family,NA
1005,5666,2011,1,709 HARTFORD RD,Single Family,NA
1006,10569,2011,1,309 BRAGG ST,Single Family,NA
1007,10012,2011,1,5223 INGLEWOOD LA,Single Family,NA
1008,6821,2011,1,2907 CRESTLINE AV,Single Family,NA
1009,3625,2011,1,220 HECK ST,Single Family,NA
1010,9250,2011,1,2737 SPRINGHILL AV,Single Family,NA
1011,1379,2011,1,2505 SYLVIA DEAN ST,Single Family,NA
1012,10733,2011,1,3706 EDWARDS MILL RD,Single Family,NA
1013,7481,2011,1,907 OBERLIN RD,Single Family,NA
1014,2379,2011,1,2040 MILBURNIE RD,Single Family,NA
1015,3829,2011,1,1112 PENDER ST,Single Family,NA
1016,7461,2011,1,1315 E HARGETT ST,Single Family,NA
1017,7461,2011,1,1313 E HARGETT ST,Single Family,NA
1018,5111,2011,1,2908 BASSWOOD DR,Single Family,NA
1019,3625,2011,1,615 E CABARRUS ST,Single Family,NA
1020,9421,2011,1,810 CHAMBERLAIN ST,Single Family,NA
1021,7531,2011,1,230 E SOUTH ST,Single Family,NA
1022,8436,2011,1,1700 SIERRA DR,Single Family,NA
1023,10117,2011,1,219 GILBERT AV,Single Family,NA
1024,1152,2011,1,1341 CURFMAN ST,Single Family,NA
1025,495,2011,1,613 WEXFORD DR,Single Family,NA
1026,1660,2011,1,1233 DOWNING RD,Single Family,NA
1027,1660,2011,1,1229 DOWNING RD,Single Family,NA
1028,8700,2011,1,1005 N STATE ST,Single Family,NA
1029,341,2011,1,521 N EAST ST,Single Family,NA
1030,8640,2011,1,1202 S BLOODWORTH ST,Single Family,NA
1031,7796,2011,1,1209 BOYER ST,Single Family,NA
1032,6388,2011,1,570 CABARRUS ST,Single Family,NA
1033,1376,2011,1,908 FRIAR TUCK RD,Single Family,NA
1034,9865,2011,1,904 BUNCHE DR,Single Family,NA
1035,8332,2011,1,306 HILL ST,Single Family,NA
1036,8774,2011,1,529 STEEL ST,Single Family,NA
1037,8774,2011,1,508 STEEL ST,Single Family,NA
1038,6854,2011,1,4201 BEACON CREST WY,Single Family,NA
1039,8472,2011,1,210 PECAN RD,Single Family,NA
1040,10030,2011,1,608 BRIGHTON RD,Single Family,NA
1041,6729,2011,1,3209 WINFIELD CT,Single Family,NA
1042,7743,2011,1,2505 RENFROW RD,Single Family,NA
1043,8901,2011,1,534 E LENOIR ST,Single Family,NA
1044,7327,2011,1,900 DOGWOOD LA,Single Family,NA
1045,8774,2011,1,718 ATWATER ST,Single Family,NA
1046,7989,2011,1,1002 PARKER ST,Single Family,NA
1047,10145,2011,1,706 S PERSON ST,Single Family,NA
1048,8676,2011,1,705 QUARRY ST,Single Family,NA
1049,4463,2011,1,1322 CROSS LINK RD,Single Family,NA
1050,8775,2011,1,206 CHAMBERLAIN ST,Single Family,NA
1051,342,2011,1,1709 DALLAS ST,Single Family,NA
1052,4654,2011,1,3512 APACHE DR,Single Family,NA
1053,2831,2011,1,1632 MONTROSE ST,Single Family,NA
1054,9820,2011,1,6208 LITCHFORD RD,Single Family,NA
1055,4339,2011,1,202 N STATE ST,Single Family,NA
1056,6812,2011,1,713 MIAL ST,Single Family,NA
1057,9660,2011,1,1507 PENDER ST,Single Family,NA
1058,5831,2011,1,2305 CLARK AV,Single Family,NA
1059,4702,2011,1,1208 COURTLAND DR,Single Family,NA
1060,6007,2011,1,4528 KAPLAN DR,Single Family,NA
1061,626,2011,1,1521 WEDGELAND DR,Single Family,NA
1062,8580,2011,1,2904 SYLVESTER ST,Single Family,NA
1063,8486,2011,1,1126 CROSS LINK RD,Single Family,NA
1064,9453,2011,1,1015 S WILMINGTON ST,Single Family,NA
1065,10035,2011,1,801 SAWMILL RD,Single Family,NA
1066,5543,2011,1,237 ROSEHAVEN DR,Single Family,NA
1067,2292,2011,1,5100 HEARTH DR,Single Family,NA
1068,2344,2011,1,2433 RENFROW RD,Single Family,NA
1069,1401,2011,1,2515 RENFROW RD,Single Family,NA
1070,8871,2011,1,312 N KING CHARLES RD,Single Family,NA
1071,5018,2011,1,2421 ELLERBE LA,Single Family,NA
1072,1407,2011,1,531 MARBLE ST,Single Family,NA
1073,6480,2011,1,724 ILEAGNES RD,Single Family,NA
1074,10666,2011,1,209 BRAGG ST,Single Family,NA
1075,8676,2011,1,1422 E JONES ST,Single Family,NA
1076,4987,2011,1,8345 MCGUIRE DR,Single Family,NA
1077,5300,2011,1,547 DACIAN RD,Single Family,NA
1078,8728,2011,1,857 CAMPANELLA LA,Single Family,NA
1079,3783,2011,1,820 CROSS LINK RD,Single Family,NA
1080,7076,2011,1,4202 WESTERN BLVD,Single Family,NA
1081,7446,2011,1,2333 RAVENHILL DR,Single Family,NA
1082,8093,2011,1,713 HINSDALE ST,Single Family,NA
1083,9191,2011,1,2217 POOLE  RD,Single Family,NA
1084,7000,2011,1,321 HILL ST,Single Family,NA
1085,3291,2011,1,7228 ASHLEY DR,Single Family,NA
1086,8093,2011,1,1417 COURTLAND DR,Single Family,NA
1087,7988,2011,1,1027 GREENWICH ST,Single Family,NA
1088,8657,2011,1,341 ANGIER AV,Single Family,NA
1089,3629,2011,1,3824 OLD COACH RD,Single Family,NA
1090,8959,2011,1,7700 PROSPECTOR PL,Single Family,NA
1091,7743,2011,1,4816 ALTHA ST,Single Family,NA
1092,8428,2011,2,2710 CLARK AV,Single Family,NA
1093,8578,2011,1,1015 CROSS LINK RD,Single Family,NA
1094,3614,2011,1,1925 RANCH MILL CIR,Single Family,NA
1095,10784,2011,1,613 SARDIS DR,Single Family,NA
1096,8871,2011,1,1230 DUFFY PL,Single Family,NA
1097,3955,2011,1,309 PENN OAK CIR,Single Family,NA
1098,3499,2011,1,710 VAN BUREN RD,Single Family,NA
1099,7231,2011,1,512 ALSTON ST,Single Family,NA
1100,8901,2011,1,1412 CURFMAN ST,Single Family,NA
1101,8871,2011,1,2701 SPRINGHILL AV,Single Family,NA
1102,6974,2011,1,611 E CABARRUS ST,Single Family,NA
1103,8321,2011,1,613 E CABARRUS ST,Single Family,NA
1104,7472,2011,1,575 E CABARRUS ST,Single Family,NA
1105,10636,2011,1,4005 ROCK QUARRY RD,Single Family,NA
1106,1712,2011,1,211 S SWAIN ST,Single Family,NA
1107,4428,2011,1,204 HILL ST,Single Family,NA
1108,5195,2011,1,4108 SCOFIELD DR,Single Family,NA
1109,1818,2011,1,305 S SWAIN ST,Single Family,NA
1110,8961,2011,1,307 S SWAIN ST,Single Family,NA
1111,1625,2011,1,301 KENNEDY ST,Single Family,NA
1112,8705,2011,1,919 ATHENS DR,Single Family,NA
1113,10643,2011,1,216 S SWAIN ST,Single Family,NA
1114,5119,2011,1,2410 KENNINGTON RD,Single Family,NA
1115,6496,2011,1,18 S FISHER ST,Single Family,NA
1116,4817,2011,1,800 CARLISLE ST,Single Family,NA
1117,3779,2011,1,314 HAYWOOD ST,Single Family,NA
1118,440,2011,1,113 N CARVER ST,Single Family,NA
1119,10661,2011,1,522 S SWAIN ST,Single Family,NA
1120,3930,2011,1,516 MERRIE RD,Single Family,NA
1121,8901,2011,1,207 E SOUTH ST,Single Family,NA
1122,8321,2011,1,524 BRANCH ST,Single Family,NA
1123,7123,2011,1,4212 GREEN RD,Single Family,NA
1124,2694,2011,1,2201 SHEFFIELD RD,Single Family,NA
1125,8676,2011,1,425 ALSTON ST,Single Family,NA
1126,7457,2011,1,817 COLLETON RD,Single Family,NA
1127,10164,2011,1,620 GEORGETOWN RD,Single Family,NA
1128,3720,2011,1,2706 VANDERBILT AV,Single Family,NA
7458,3693,2011,2,801 POSTELL ST,Duplex,NA
7459,6482,2011,2,509 N KING CHARLES RD,Duplex,NA
7460,3050,2011,2,2801 WADE AV,Duplex,NA
7461,3767,2011,2,1309-1311 -    NOTTINGHAM RD,Duplex,NA
7462,1678,2011,2,1017 GLASCOCK ST,Duplex,NA
7463,10667,2011,2,1509 E LANE ST,Duplex,NA
7464,7743,2011,2,303 S STATE ST,Duplex,NA
7465,7658,2011,2,4201 REAVIS RD,Duplex,NA
7466,6020,2011,2,2807 WADE AV,Duplex,NA
7467,1883,2011,2,5124 VANN ST,Duplex,NA
7468,6789,2011,2,1100 GREGG ST,Duplex,NA
7469,3720,2011,2,217 HECK ST,Duplex,NA
7470,6812,2011,2,1312 ATHENS DR,Duplex,NA
7471,5831,2011,2,4014 ARCKELTON DR,Duplex,NA
7472,9844,2011,2,644 COLEMAN ST,Duplex,NA
7473,3625,2011,2,812 COLEMAN ST,Duplex,NA
7474,3864,2011,2,1328 KENT RD,Duplex,NA
7475,3815,2011,2,505 SHELDEN DR,Duplex,NA
7476,6925,2011,2,1933-35 BERNARD ST,Duplex,NA
7477,7510,2011,2,5624 THEA LA,Duplex,NA
7478,8220,2011,2,615 E LENOIR ST,Duplex,NA
7479,477,2011,2,229 COLLETON RD,Duplex,NA
7480,4437,2011,2,24 PANTOPS ST,Duplex,NA
7481,4040,2011,2,3900 MEMORY LA,Duplex,NA
7482,5222,2011,2,806 E DAVIE ST,Duplex,NA
7483,7481,2011,2,807 E LANE ST,Duplex,NA
7484,4424,2011,2,211 N STATE ST,Duplex,NA
7485,6812,2011,2,5228 VANN ST,Duplex,NA
7486,1305,2011,2,3101-(3103) DOUGLAS ST,Duplex,NA
7487,8843,2011,2,1400 CREST RD,Duplex,NA
7488,3818,2011,2,529- 2701   ILEAGNES RD,Duplex,NA
7489,4511,2011,2,625 W LENOIR ST,Duplex,NA
7490,1502,2011,2,3018-3020 FARRIOR RD,Duplex,NA
7491,7000,2011,2,1514 OAKWOOD AV,Duplex,NA
7492,5862,2011,2,117 E LEE ST,Duplex,NA
7493,4424,2011,2,931 S EAST ST,Duplex,NA
7494,7048,2011,2,226 S SWAIN ST,Duplex,NA
7495,8134,2011,2,211 HECK ST,Duplex,NA
7496,7411,2011,1,1511 JOE LOUIS AV,Duplex,NA
7497,3655,2011,2,839 POSTELL ST,Duplex,NA
7498,6175,2011,2,820 WAKE FOREST RD,Duplex,NA
7499,9058,2011,2,1221 PIERCE ST,Duplex,NA
7500,3519,2011,2,309 KENNEDY ST,Duplex,NA
7501,3693,2011,2,809 POSTELL ST,Duplex,NA
7502,9785,2011,2,2030 WAKE FOREST RD,Duplex,NA
7503,803,2011,2,5524 KAPLAN DR,Duplex,NA
7504,2370,2011,2,1012 DOROTHEA DR,Duplex,NA
7505,7735,2011,2,305 E LEE ST,Duplex,NA
7506,9140,2011,2,16 SHEPHERD ST,Duplex,NA
7507,8759,2011,2,1409 COLLEGEVIEW AV,Duplex,NA
7508,3779,2011,2,312 HECK ST,Duplex,NA
7509,9521,2011,1,333 JONES FRANKLIN RD,Duplex,NA
7510,7167,2011,2,3106 STILLWELL CT,Duplex,NA
7511,7777,2011,2,1500 COLLEGEVIEW AV,Duplex,NA
7512,6352,2011,2,541 BRENT RD,Duplex,NA
7513,3697,2011,2,825 POSTELL ST,Duplex,NA
7514,7641,2011,2,420 HAYWOOD ST,Duplex,NA
7515,1028,2011,2,1004 E MARTIN ST,Duplex,NA
7516,8920,2011,2,1301 NOTTINGHAM RD,Duplex,NA
7517,10779,2011,2,1504 BOYER ST,Duplex,NA
7518,8774,2011,2,449 GRISSOM ST,Duplex,NA
7519,9178,2011,2,1501 PENDER ST,Duplex,NA
7520,8317,2011,2,3021-3023 FARRIOR RD,Duplex,NA
7521,6175,2011,2,733 NEW RD,Duplex,NA
7522,5294,2011,2,613 NEW RD,Duplex,NA
7523,2157,2011,2,1009 HOLMES ST,Duplex,NA
7524,3897,2011,2,1425-1427 NOTTINGHAM RD,Duplex,NA
7525,7573,2011,2,4111 REAVIS RD,Duplex,NA
7526,2848,2011,2,516 S SAUNDERS ST,Duplex,NA
7527,9191,2011,2,116 HILL ST,Duplex,NA
7528,4424,2011,2,1408 PENDER ST,Duplex,NA
7529,8246,2011,2,1101 LORIMER RD,Duplex,NA
7530,3625,2011,2,306 N FISHER ST,Duplex,NA
7531,7619,2011,2,901 S EAST ST,Duplex,NA
7532,6919,2011,2,416 DIXIE TRL,Duplex,NA
7533,8519,2011,2,812 CAPE AV,Duplex,NA
7534,7076,2011,2,4200 WESTERN BLVD,Duplex,NA
7535,635,2011,2,1620 COLLEGEVIEW AV,Duplex,NA
7536,6943,2011,2,3132 BELVIN DR,Duplex,NA
7537,7516,2011,2,519 S BLOUNT ST,Duplex,NA
7538,5388,2011,2,508 CHAMBERLAIN ST,Duplex,NA
7539,4281,2011,2,626 SASSER ST,Duplex,NA
7540,741,2011,2,518 HEATHER DR,Duplex,NA
7541,4313,2011,2,1527 SUNRISE AV,Duplex,NA
7542,191,2011,2,721 S EAST ST,Duplex,NA
7543,3625,2011,2,1004 HOLMES ST,Duplex,NA
7544,7702,2011,2,1537 BATTERY DR,Duplex,NA
7545,8322,2011,2,208 JONES FRANKLIN RD,Duplex,NA
7546,7303,2011,2,1315 E LANE ST,Duplex,NA
7547,9194,2011,2,4100 PITTSFORD RD,Duplex,NA
7548,8505,2011,2,334 ANGIER AV,Duplex,NA
7549,2970,2011,2,1513 POOLE RD,Duplex,NA
7550,6032,2011,2,5532 KAPLAN DR,Duplex,NA
7551,1028,2011,2,204 SELWYN AL,Duplex,NA
7552,7639,2011,1,717 FLORENCE ST,Duplex,NA
7553,1821,2011,2,205 POPLAR ST,Duplex,NA
7554,3500,2011,2,525 BRENT RD,Duplex,NA
7555,3897,2011,2,3000 LEWIS FARM RD,Duplex,NA
7556,3678,2011,2,413 ALSTON ST,Duplex,NA
7557,3697,2011,2,821 POSTELL ST,Duplex,NA
7558,7742,2011,2,3809 VIRGINIA ST,Duplex,NA
7559,7719,2011,2,4800 EDWARDS MILL RD,Duplex,NA
7560,9806,2011,2,3112 CRANDON LA,Duplex,NA
7561,10569,2011,2,104 JONES FRANKLIN RD,Duplex,NA
7562,5724,2011,2,38 XEBEC WY,Duplex,NA
7563,5335,2011,2,106 POGUE ST,Duplex,NA
7564,7719,2011,2,4716 EDWARDS MILL RD,Duplex,NA
7565,5616,2011,1,5537 KAPLAN DR,Duplex,NA
7566,5754,2011,2,5612 THEA LA,Duplex,NA
7567,6489,2011,2,602 PEACH RD,Duplex,NA
7568,9806,2011,2,4112-4114 ARCKELTON DR,Duplex,NA
7569,7468,2011,2,5533 KAPLAN DR,Duplex,NA
7570,719,2011,2,2316 LYON ST,Duplex,NA
7571,6375,2011,2,5119 VANN ST,Duplex,NA
7572,6428,2011,2,4201 WESTERN BLVD,Duplex,NA
7573,8676,2011,2,802 WALSER PL,Duplex,NA
7574,6397,2011,2,409 CALVIN RD,Duplex,NA
7575,1270,2011,2,2323 LYON ST,Duplex,NA
7576,1428,2011,2,7320 LONGSTREET DR,Duplex,NA
7577,3706,2011,2,810 FAIRALL DR,Duplex,NA
7578,1152,2011,2,612 SAFRAN CT,Duplex,NA
7579,6150,2011,2,5620 THEA LA,Duplex,NA
7580,3697,2011,2,817/819 POSTELL ST,Duplex,NA
7581,3820,2011,2,2406 MAYVIEW RD,Duplex,NA
7582,7408,2011,2,1114 GREGG ST,Duplex,NA
7583,2688,2011,2,302 GLASCOCK ST,Duplex,NA
7584,7717,2011,2,5121 VANN ST,Duplex,NA
7585,1751,2011,2,157 JONES FRANKLIN RD,Duplex,NA
7586,3509,2011,2,1412 CREST RD,Duplex,NA
7587,5292,2011,2,4612 LAVISTA CT,Duplex,NA
7588,6638,2011,2,4616 LAVISTA CT,Duplex,NA
7589,3816,2011,2,521 ILEAGNES RD,Duplex,NA
7590,1497,2011,2,409 HAYWOOD ST,Duplex,NA
7591,3576,2011,2,3426 ATLANTIC AV,Duplex,NA
7592,3872,2011,2,3900 GREENLEAF  ST,Duplex,NA
7593,7832,2011,2,2362 GRANT AV,Duplex,NA
7594,2332,2011,2,1903 CRAIG ST,Duplex,NA
7595,8920,2011,2,3006 LEONARD ST,Duplex,NA
7596,4564,2011,2,1101 BROOKS AV,Duplex,NA
7597,2370,2011,2,325 E EDENTON ST,Duplex,NA
7598,6693,2011,2,5411 DORCAS ST,Duplex,NA
7599,7641,2011,2,2513 SYLVIA DEAN ST,Duplex,NA
7600,3625,2011,2,1105 GATLING ST,Duplex,NA
7601,7912,2011,2,726 QUARRY ST,Duplex,NA
7602,6445,2011,1,3113 WAINWRIGHT CT,Duplex,NA
7603,7608,2011,2,5528 KAPLAN  DR,Duplex,NA
7604,1121,2011,1,223 JONES FRANKLIN RD,Duplex,NA
7605,3872,2011,2,2406 NEW HOPE CHURCH RD,Duplex,NA
7606,1060,2011,2,4015 BUTLER BLVD,Duplex,NA
7607,8136,2011,2,4712 FARGO CT,Duplex,NA
7608,3176,2011,2,5517 KAPLAN DR,Duplex,NA
7609,9779,2011,2,5116 VANN ST,Duplex,NA
7610,5247,2011,2,609 SMITHDALE  DR,Duplex,NA
7611,1055,2011,2,1003 N KING CHARLES RD,Duplex,NA
7612,4334,2011,2,2812 FERRET CT,Duplex,NA
7613,8268,2011,2,234 PARKLAND RD,Duplex,NA
7614,4167,2011,2,1320 ATHENS DR,Duplex,NA
7615,9134,2011,2,18 TURNER ST,Duplex,NA
7616,1219,2011,2,8366 MCGUIRE DR,Duplex,NA
7617,760,2011,2,12 DAISY ST,Duplex,NA
7618,8658,2011,2,3305 POOLE RD,Duplex,NA
7619,5147,2011,2,121 HILLCREST RD,Duplex,NA
7620,5865,2011,2,2300 NEW HOPE CHURCH RD,Duplex,NA
7621,488,2011,2,709 W MORGAN ST,Duplex,NA
7622,7256,2011,2,416 FRANK ST,Duplex,NA
7623,8223,2011,2,922 TOWER ST,Duplex,NA
7624,3872,2011,2,822 ATHENS DR,Duplex,NA
7625,7330,2011,1,910 MARLBOROUGH RD,Duplex,NA
7626,7256,2011,2,106 DUPONT CIR,Duplex,NA
7627,1516,2011,2,609 SAFRAN CT,Duplex,NA
7628,6032,2011,2,32 XEBEC WY,Duplex,NA
7629,2509,2011,2,5641 THEA LA,Duplex,NA
7630,2857,2011,2,3107 LEMAY CT,Duplex,NA
7631,10103,2011,2,1402 POOLE RD,Duplex,NA
7632,3821,2011,2,3210 ATLANTIC AV,Duplex,NA
7633,4857,2011,1,110 FAIRCLOTH ST,Duplex,NA
7634,4861,2011,2,216 COLLETON RD,Duplex,NA
7635,6177,2011,2,5112 VANN ST,Duplex,NA
7636,3519,2011,2,820 COLEMAN ST,Duplex,NA
7637,3820,2011,2,1003 TOWER ST,Duplex,NA
7638,1961,2011,2,600 LATTA ST,Duplex,NA
7639,4072,2011,2,2210 HOPE ST,Duplex,NA
7640,7393,2011,2,2615 MAYVIEW RD,Duplex,NA
7641,3332,2011,2,2613 AVENT FERRY RD,Duplex,NA
7642,4898,2011,2,1706 & 1706 1/2 POOLE  RD,Duplex,NA
7643,10780,2011,2,7207 LONGSTREET DR,Duplex,NA
7644,10780,2011,2,7208 LONGSTREET DR,Duplex,NA
7645,8322,2011,2,200 JONES FRANKLIN RD,Duplex,NA
7646,9464,2011,2,4701 MALLORY CT,Duplex,NA
7647,9813,2011,2,610 BRENT RD,Duplex,NA
7648,400,2011,2,2710 VANDERBILT AV,Duplex,NA
7649,8031,2011,2,207 BROOKS AV,Duplex,NA
7650,747,2011,2,302 CHESTNUT ST,Duplex,NA
7651,7631,2011,2,202 SELWYN AL,Duplex,NA
7652,2467,2011,2,5109 LUNDY DR,Duplex,NA
7653,3897,2011,2,1437 NOTTINGHAM RD,Duplex,NA
7654,9300,2011,2,4000 VIRGINIA ST,Duplex,NA
7655,4564,2011,2,6301 LINVILLE DR,Duplex,NA
7656,10880,2011,2,1305 JOE LOUIS AV,Duplex,NA
7657,2509,2011,2,5636 THEA LA,Duplex,NA
7658,6594,2011,2,4013 ARCKELTON DR,Duplex,NA
7659,2416,2011,2,4708 EDWARDS MILL RD,Duplex,NA
7660,7417,2011,2,2418 MAYVIEW RD,Duplex,NA
7661,773,2011,2,615 WASHINGTON ST,Duplex,NA
7662,8223,2011,2,918 TOWER ST,Duplex,NA
7663,3102,2011,2,127-129 WOODBURN RD,Duplex,NA
7664,9200,2011,2,730 S BOYLAN AV,Duplex,NA
7665,7167,2011,2,3504 ATLANTIC AV,Duplex,NA
7666,7400,2011,2,3120 CRANDON LA,Duplex,NA
7667,8330,2011,2,5407 DORCAS ST,Duplex,NA
7668,10780,2011,2,7305 LONGSTREET DR,Duplex,NA
7669,8919,2011,2,604 DIXIE TRL,Duplex,NA
7670,7719,2011,2,4204 ARCKELTON DR,Duplex,NA
7671,9657,2011,2,614 GARDNER ST,Duplex,NA
7672,8793,2011,1,3309 GARNER RD,Duplex,NA
7673,4344,2011,1,1307 FILMORE ST,Duplex,NA
7674,1147,2011,2,112 N STATE ST,Duplex,NA
7675,1416,2011,2,1806 ARLINGTON ST,Duplex,NA
7676,3477,2011,2,102 PINELAND DR,Duplex,NA
7677,10626,2011,2,5117 LUNDY DR,Duplex,NA
7678,8077,2011,2,606 GARDNER ST,Duplex,NA
7679,5034,2011,2,1813 QUAIL RIDGE RD,Duplex,NA
7680,5018,2011,2,1308 GARNER RD,Duplex,NA
7681,2021,2011,2,1210 PARK DR,Duplex,NA
7682,2840,2011,2,408 BASHFORD RD,Duplex,NA
7683,8640,2011,1,2510 CLARK AV,Duplex,NA
7684,4304,2011,2,700 MONROE DR,Duplex,NA
7685,6700,2011,2,3012(3014) LEWIS FARM RD,Duplex,NA
7686,3674,2011,2,2308 CLARK AV,Duplex,NA
7687,4424,2011,2,1108 S BLOODWORTH ST,Duplex,NA
7688,9191,2011,2,3302 POOLE RD,Duplex,NA
7689,4763,2011,2,114 BRAMBLE CT,Duplex,NA
7690,7303,2011,2,1407 E LANE ST,Duplex,NA
7691,4423,2011,2,2415 EVERETT AV,Duplex,NA
7692,10780,2011,2,7536 STUART DR,Duplex,NA
7693,4685,2011,2,3010 FARRIOR RD,Duplex,NA
7694,5994,2011,2,3508 ATLANTIC AV,Duplex,NA
7695,3897,2011,2,1421/1423 NOTTINGHAM RD,Duplex,NA
7696,3625,2011,2,635 DOROTHEA DR,Duplex,NA
7697,1100,2011,2,3009 FARRIOR RD,Duplex,NA
7698,2928,2011,1,1729-1731 QUAIL RIDGE RD,Duplex,NA
7699,7906,2011,2,1130 GREGG ST,Duplex,NA
7700,9784,2011,2,3402 RUFFIN ST,Duplex,NA
7701,5063,2011,2,118 BART ST,Duplex,NA
7702,10935,2011,2,2603 VANDERBILT AV,Duplex,NA
7703,5092,2011,2,3407 WHITFORD CT,Duplex,NA
7704,1699,2011,2,702 N BOYLAN AV,Duplex,NA
7705,4919,2011,2,1329 LAKE WHEELER RD,Duplex,NA
7706,7096,2011,2,719 N BOYLAN AV,Duplex,NA
7707,2509,2011,2,5545 THEA LA,Duplex,NA
7708,7303,2011,2,1401 E LANE ST,Duplex,NA
7709,9762,2011,2,4101 ARCKELTON DR,Duplex,NA
7710,6161,2011,2,2709 CLARK AV,Duplex,NA
7711,6628,2011,2,2704 ASHLAND ST,Duplex,NA
7712,8803,2011,2,2503 ROCKWOOD DR,Duplex,NA
7713,3640,2011,2,2501 EVERETT AVE,Duplex,NA
7714,8803,2011,2,2703 ROCKWOOD DR,Duplex,NA
7715,3958,2011,2,1212 ATHENS DR,Duplex,NA
7716,5972,2011,2,2408 NEW HOPE CHURCH RD,Duplex,NA
7717,6471,2011,2,902 NEW BERN AV,Duplex,NA
7718,7562,2011,2,1011 OBERLIN RD,Duplex,NA
7719,7729,2011,1,2800 MAYVIEW RD,Duplex,NA
7720,6022,2011,2,3015 LEONARD ST,Duplex,NA
7721,6177,2011,2,5132 VANN ST,Duplex,NA
7722,7704,2011,2,2630 ST MARYS ST,Duplex,NA
7723,2688,2011,2,406 COLE ST,Duplex,NA
7724,3519,2011,2,657 COLEMAN ST,Duplex,NA
7725,3706,2011,2,2702 VANDERBILT AVE,Duplex,NA
7726,7256,2011,2,713 DEVEREUX ST,Duplex,NA
7727,10815,2011,2,717 GROVE AVE,Duplex,NA
7728,8418,2011,2,2518 CLARK AV,Duplex,NA
7729,7302,2011,2,2729 RENFROW RD,Duplex,NA
7730,400,2011,2,4804 EDWARDS MILL RD,Duplex,NA
7731,201,2011,1,520 E FRANKLIN ST,Duplex,NA
7732,9574,2011,2,1403 MORDECAI DR,Duplex,NA
7733,206,2011,2,402 MORRISON AVE,Duplex,NA
7734,229,2011,2,116 N EAST  ST,Duplex,NA
7735,258,2011,2,"1114-A,B GLENWOOD  AVE",Duplex,NA
7736,198,2011,2,211-213 GARDNER  ST,Duplex,NA
7737,341,2011,2,209 POPLAR ST,Duplex,NA
7738,384,2011,2,2615 WADE AV,Duplex,NA
7739,428,2011,2,605 KIRBY ST,Duplex,NA
7740,445,2011,2,6716 GLENDOWER RD,Duplex,NA
7741,489,2011,2,217 COLLETON RD,Duplex,NA
7742,497,2011,1,8306 TIERRA DEL SOL WY,Duplex,NA
7743,525,2011,2,1817 ARLINGTON ST,Duplex,NA
7744,533,2011,2,109 N BOYLAN AVE,Duplex,NA
7745,544,2011,2,21 ENTERPRISE ST,Duplex,NA
7746,575,2011,2,2711 VANDERBILT ST,Duplex,NA
7747,575,2011,2,2809 GRANT RD,Duplex,NA
7748,575,2011,2,2246 THE CIRCLE PL,Duplex,NA
7749,605,2011,2,1119 BROOKS AVE,Duplex,NA
7750,606,2011,2,3304 ATLANTIC AVE,Duplex,NA
7751,698,2011,2,25 ENTERPRISE ST,Duplex,NA
7752,712,2011,2,3019 LEWIS FARM RD,Duplex,NA
7753,771,2011,2,6805 GLENDOWER RD,Duplex,NA
7754,780,2011,1,3614 ATLANTIC AV,Duplex,NA
7755,773,2011,2,612 WYNNE ST,Duplex,NA
7756,773,2011,2,3108 CHENAULT CT,Duplex,NA
7757,773,2011,2,600 RAWLS DR,Duplex,NA
9473,3385,2011,1,6729 MAGNOLIA CT,Townhouse,NA
9474,3545,2011,1,617 CAROLINA AV,Townhouse,NA
9475,3664,2011,1,2208 QUARTZ CT,Townhouse,NA
9476,4083,2011,1,3000-    MORGANS MILL CT,Townhouse,NA
9477,7607,2011,1,606 BRENT RD,Townhouse,NA
9478,8664,2011,1,505 BRENT RD,Townhouse,NA
9479,3385,2011,1,6718 MAGNOLIA CT,Townhouse,NA
9480,3385,2011,1,6739 MAGNOLIA CT,Townhouse,NA
9481,3385,2011,1,6754 MAGNOLIA CT,Townhouse,NA
9482,7865,2011,1,729 GROVE AV,Townhouse,NA
9483,3385,2011,1,6722 MAGNOLIA CT,Townhouse,NA
9484,7644,2011,1,1142 VILLA GREEN CT,Townhouse,NA
9485,3385,2011,1,6735 MAGNOLIA CT,Townhouse,NA
9486,358,2011,1,1122 VILLA GREEN CT,Townhouse,NA
9487,9296,2011,1,718 CAROLINA AV,Townhouse,NA
9488,7710,2011,1,549 BRENT RD,Townhouse,NA
9489,8106,2011,1,202 WOODSBOROUGH PL,Townhouse,NA
9490,3385,2011,1,6725 MAGNOLIA CT,Townhouse,NA
9491,3385,2011,1,6750 MAGNOLIA CT,Townhouse,NA
9492,3385,2011,1,6720 MAGNOLIA CT,Townhouse,NA
9493,3385,2011,1,6711 MAGNOLIA CT,Townhouse,NA
9494,7710,2011,1,547 BRENT RD,Townhouse,NA
9495,764,2011,1,2721 BIG OAK ST,Townhouse,NA
9496,8133,2011,1,4608 VENDUE RANGE DR,Townhouse,NA
9497,3385,2011,1,6715 MAGNOLIA CT,Townhouse,NA
9498,3385,2011,1,6721 MAGNOLIA CT,Townhouse,NA
9499,4083,2011,1,277 SEAGRAMS CT,Townhouse,NA
9500,764,2011,1,2719 BIG OAK ST,Townhouse,NA
9501,3505,2011,1,1120 VILLA GREEN CT,Townhouse,NA
9502,4083,2011,1,243 SEAGRAMS CT,Townhouse,NA
9503,8746,2011,1,8107 PERRY CREEK RD,Townhouse,NA
9504,3385,2011,1,6728 MAGNOLIA CT,Townhouse,NA
9505,3385,2011,1,6713 MAGNOLIA CT,Townhouse,NA
9506,7574,2011,1,5412 WAYNE ST,Townhouse,NA
9507,7755,2011,1,8209 PERRY CREEK RD,Townhouse,NA
9508,3385,2011,1,6748 MAGNOLIA CT,Townhouse,NA
9509,3385,2011,1,6752 MAGNOLIA CT,Townhouse,NA
9510,3385,2011,1,6723 MAGNOLIA CT,Townhouse,NA
9511,3385,2011,1,6731 MAGNOLIA CT,Townhouse,NA
9512,3385,2011,1,6733 MAGNOLIA CT,Townhouse,NA
9513,4083,2011,1,3005 BOONE TRL,Townhouse,NA
9514,7871,2011,1,1709 BEACON VALLEY DR,Townhouse,NA
9515,7984,2011,1,2707 FOXTAIL CT,Townhouse,NA
9516,4127,2011,1,4318 LAKE RIDGE DR,Townhouse,NA
9517,7586,2011,1,536 BRENT RD,Townhouse,NA
9518,7659,2011,1,4134 KAPLAN DR,Townhouse,NA
9519,2248,2011,1,3702 SAN PABLO DR,Townhouse,NA
9520,3385,2011,1,6732 MAGNOLIA CT,Townhouse,NA
9521,3385,2011,1,6719 MAGNOLIA CT,Townhouse,NA
9522,1736,2011,1,2729 BIG OAK ST,Townhouse,NA
9523,8746,2011,1,8109 PERRY CREEK RD,Townhouse,NA
9524,3385,2011,1,6745 MAGNOLIA CT,Townhouse,NA
9525,7607,2011,1,608 BRENT RD,Townhouse,NA
9526,5873,2011,1,548 BRENT RD,Townhouse,NA
9527,3385,2011,1,6741 MAGNOLIA CT,Townhouse,NA
9528,6015,2011,1,7733 KELLEY CT,Townhouse,NA
9529,2512,2011,1,722 CAROLINA AV,Townhouse,NA
9530,8106,2011,1,218 WOODSBOROUGH PL,Townhouse,NA
9531,3378,2011,1,2708 BIG OAK ST,Townhouse,NA
9532,2796,2011,1,5842 BRANCHWOOD RD,Townhouse,NA
9533,8767,2011,1,3112 QUINLEY PL,Townhouse,NA
9534,8767,2011,1,3114 QUINLEY PL,Townhouse,NA
9535,7012,2011,1,716 CAROLINA AV,Townhouse,NA
9536,3764,2011,1,723 CAROLINA AV,Townhouse,NA
9537,6622,2011,1,725 CAROLINA AV,Townhouse,NA
9538,3949,2011,1,2712 BIG OAK ST,Townhouse,NA
9539,2504,2011,1,3311 COMSTOCK RD,Townhouse,NA
9540,6089,2011,2,603 BRENT RD,Townhouse,NA
9541,7545,2011,2,558 BRENT RD,Townhouse,NA
9542,7634,2011,1,3401 WHITFORD CT,Townhouse,NA
9543,1568,2011,1,501 HOCUTTS LA,Townhouse,NA
9544,7671,2011,1,204 WOODSBOROUGH PL,Townhouse,NA
9545,7789,2011,1,616 BRENT RD,Townhouse,NA
9546,2329,2011,2,528 BRENT RD,Townhouse,NA
9547,7752,2011,1,163 LUTHER RD,Townhouse,NA
9548,7752,2011,1,167 LUTHER RD,Townhouse,NA
9549,7752,2011,1,171 LUTHER RD,Townhouse,NA
9550,6294,2011,1,5140 LUNDY DR,Townhouse,NA
9551,4083,2011,1,271 SEAGRAMS CT,Townhouse,NA
9552,2292,2011,1,500 BRENT RD,Townhouse,NA
9553,7824,2011,1,8380 MCGUIRE DR,Townhouse,NA
9554,5873,2011,1,515 BRENT RD,Townhouse,NA
9555,8849,2011,1,700 METHOD TOWNES CT,Townhouse,NA
9556,7752,2011,1,155 LUTHER RD,Townhouse,NA
9557,2313,2011,1,8326 MCGUIRE DR,Townhouse,NA
9558,2505,2011,5,1513 COLLEGEVIEW AV,Townhouse,NA
9559,7289,2011,1,4615 NESBIT CT,Townhouse,NA
9560,3411,2011,1,1925 TISCHER RD,Townhouse,NA
9561,1245,2011,1,2815 DILLMARK CT,Townhouse,NA
9562,8840,2011,1,2803 FERRET CT,Townhouse,NA
9563,2585,2011,1,4402 ROLLER CT,Townhouse,NA
9564,6731,2011,1,608 HILLTOP DR,Townhouse,NA
9565,6731,2011,1,606 HILLTOP DR,Townhouse,NA
9566,6736,2011,1,612 HILLTOP DR,Townhouse,NA
9567,4083,2011,1,3043 BOONE TRL,Townhouse,NA
9568,7585,2011,1,4110 KAPLAN DR,Townhouse,NA
9569,4083,2011,1,241 SEAGRAMS CT,Townhouse,NA
9570,9573,2011,1,505 CAROLINA AV,Townhouse,NA
9571,6622,2011,1,727 CAROLINA AV,Townhouse,NA
9572,2313,2011,1,8133 PERRY CREEK RD,Townhouse,NA
9573,2584,2011,1,531 BRENT RD,Townhouse,NA
9574,5651,2011,1,7266 SHELLBURNE DR,Townhouse,NA
9575,7076,2011,1,503 BRENT RD,Townhouse,NA
9576,6933,2011,1,952 ATHENS  DR,Townhouse,NA
9577,6933,2011,1,948 ATHENS  DR,Townhouse,NA
9578,5213,2011,1,8102 FARMLEA CIR,Townhouse,NA
9579,3949,2011,1,2713 BIG OAK ST,Townhouse,NA
9580,8689,2011,1,521 BRENT RD,Townhouse,NA
9581,7755,2011,1,8207 PERRY CREEK RD,Townhouse,NA
9582,6725,2011,1,6101 BORDESLEY CT,Townhouse,NA
9583,951,2011,1,2811 FERRET CT,Townhouse,NA
9584,7012,2011,1,714 CAROLINA AV,Townhouse,NA
9585,8689,2011,1,519 BRENT RD,Townhouse,NA
9586,5873,2011,1,517 BRENT RD,Townhouse,NA
9587,3345,2011,1,1910 SUMMERDALE RD,Townhouse,NA
9588,5952,2011,1,146 PINELAND CIR,Townhouse,NA
9589,6779,2011,1,5108  LUNDY DR,Townhouse,NA
